Anticodon,Count,Abundance,Length,Neigh_Nucl
TTT,7,222273,96,A
TTG,9,436225,72,A
TTC,14,1618235,72,A
TTA,1,26399,1122,N
TGT,4,105862,72,A
TGG,10,286531,103,G
TGC,5,384682,73,A
TGA,3,86913,82,A
TCT,11,683001,72,A
TCC,3,287325,72,A
TCA,1,26399,1122,N
TAT,2,54352,133,A
TAG,3,94608,101,G
TAC,2,145923,74,A
TAA,7,271592,84,G
GTT,10,378101,74,A
GTG,7,727396,72,G
GTC,16,1789916,72,G
GTA,8,343867,89,A
GCT,4,249948,101,A
GCC,16,826342,71,A
GCA,4,106137,72,A
GAG,1,63503,82,G
GAA,10,104391,92,G
CTT,14,397111,73,A
CTG,1,89093,72,A
CTC,2,393379,72,A
CTA,1,26399,1122,N
CGT,1,113104,72,A
CGA,1,34793,101,A
CCT,1,106890,72,A
CCG,1,60792,72,G
CCC,2,129338,72,A
CCA,6,298500,106,A
CAT,10,266917,73,A
CAC,2,118162,73,A
CAA,10,709768,114,G
AGT,11,381835,73,A
AGG,2,57720,72,G
AGC,11,212721,73,A
AGA,11,792870,82,A
ACG,6,428095,73,A
AAT,13,916236,74,A
AAC,14,806173,74,A